movieId,title,genres
15101,Дракула: Мёртвый и довольный,Комедия|Ужасы
3938,Имитатор,Криминал|Драма|Ужасы|Мистика|Триллер
4815,От заката до рассвета,Экшн|Комедия|Ужасы|Триллер
6710,Мэри Райли,Драма|Ужасы|Триллер
5278,Вампир в Бруклине,Комедия|Ужасы|Романтика
6904,Зависимость,Драма|Ужасы
3557,Повелитель иллюзий,Ужасы
8758,Немой свидетель,Комедия|Ужасы|Триллер
5509,Пророчество,Фэнтези|Ужасы|Мистика
4769,Особь,Ужасы|Научная фантастика
58931,Урод в замке,Ужасы
8151,Интервью с вампиром,Драма|Ужасы
6668,Франкенштейн,Драма|Ужасы|Научная фантастика
29757,Большой бедлам,Драма|Ужасы
2777,Страх,Ужасы|Триллер
3787,Байки из склепа: Демон ночи,Ужасы|Триллер
4808,Истории из морга,Экшн|Криминал|Ужасы
8666,Деревня проклятых,Ужасы|Научная фантастика
5186,Кошмар на улице Вязов 7,Драма|Ужасы|Мистика|Триллер
4200,Волк,Драма|Ужасы|Романтика|Триллер
4935,В пасти безумия,Ужасы|Триллер
4772,Похитители тел,Ужасы|Научная фантастика|Триллер
6226,Кукловоды,Ужасы|Научная фантастика
21105,Мамочка-маньячка-убийца,Комедия|Криминал|Ужасы
345,Молчание ягнят,Криминал|Ужасы|Триллер
12156,Кэндимэн 2: Прощание с плотью,Фэнтези|Ужасы
5141,Тяжелый метал,Экшн|Adventure|Анимация|Ужасы|Научная фантастика
23327,Восставший из ада 4: Кровное родство,Экшн|Ужасы|Научная фантастика
13904,Колдовство,Драма|Фэнтези|Ужасы|Триллер
106664,Любовная жизнь человека-невидимки,Ужасы
7443,Худеющий,Ужасы|Триллер
1165601,Spirits of the Dead (1968),Ужасы|Мистика
5909,Страшилы,Комедия|Ужасы|Триллер
84955,Глаза без лица,Ужасы
6550,Байки из склепа: Кровавый бордель,Комедия|Ужасы
7397,Реликт,Ужасы|Триллер
14493,Хэллоуин 6: Проклятие Майкла Майерса,Ужасы|Триллер
8370,Ночь живых мертвецов,Ужасы|Научная фантастика|Триллер
7449,Газонокосильщик,Экшн|Ужасы|Научная фантастика|Триллер
8428,Невинные,Драма|Ужасы|Триллер
77148,Дети кукурузы 4: Сбор урожая,Ужасы
9801,Туман,Ужасы
3057,Вой,Ужасы|Мистика
406,Чужие,Экшн|Adventure|Ужасы|Научная фантастика
386,Чужой,Ужасы|Научная фантастика
737541,Army of Darkness (1993),Экшн|Adventure|Комедия|Фэнтези|Ужасы
344,Психо,Криминал|Ужасы
5916,Живая мертвечина,Комедия|Фэнтези|Ужасы
5915,Инопланетное рагу,Комедия|Ужасы|Научная фантастика
409,Сияние,Ужасы
2918,Зловещие мертвецы 2,Экшн|Комедия|Фэнтези|Ужасы
2286,Чужой 3,Экшн|Ужасы|Научная фантастика|Триллер
8854,Американский оборотень в Лондоне,Комедия|Ужасы|Триллер
229235,Амитивилль 1992: Вопрос времени,Ужасы
23571,Амитивилль 3-D,Ужасы
229491,Кукольный дом,Ужасы
229243,Амитивилль 7: Новое поколение,Ужасы
6413,Амитивилль 2: Одержимость,Ужасы
4101,Ужас Амитивилля,Драма|Ужасы|Мистика|Триллер
102824,Проклятие Амитивилля,Ужасы
5095263,Кровь в обмен на пыль,Ужасы
17629,День дурака,Ужасы
9875,Чужая дочь,Ужасы
4690,Верующие,Ужасы|Триллер
559,Птицы,Ужасы|Триллер
14468,Капля,Ужасы|Научная фантастика
77995,Кошмары больного мозга,Ужасы|Мистика
4951,Расчлененное тело,Ужасы|Триллер
18089,Похититель тел,Драма|Ужасы|Триллер
1727,Дракула,Фэнтези|Ужасы|Романтика|Триллер
8359,Невеста Франкенштейна,Драма|Ужасы|Научная фантастика
13354,Сожженные приношения,Ужасы
15859,Кэндимэн,Ужасы|Триллер
7459,Кэрри,Драма|Фэнтези|Ужасы|Триллер
2447,Люди-кошки,Драма|Фэнтези|Ужасы
5198,Кошмар на улице Вязов,Ужасы|Триллер
521,"Носферату, симфония ужаса",Ужасы
14518,Вампир в Венеции,Ужасы
11841,Омен,Ужасы|Мистика|Триллер
4143,Ночное дежурство,Ужасы|Триллер
396,Челюсти,Экшн|Ужасы
8153,Челюсти 2,Ужасы|Триллер
14928,Челюсти 3,Экшн|Ужасы
1807,Крик,Комедия|Ужасы|Мистика|Триллер
3728,Сквозь горизонт,Ужасы|Научная фантастика|Триллер
4923,Мутанты,Ужасы|Научная фантастика|Триллер
21755,Исполнитель желаний,Ужасы
15995,"Я знаю, что вы сделали прошлым летом",Ужасы|Мистика|Триллер
10130,Фантомы,Драма|Ужасы|Триллер
3935,Чужой 4: Воскрешение,Экшн|Ужасы|Научная фантастика
3784,Крик 2,Комедия|Ужасы|Мистика|Триллер
3551,Подъем с глубины,Экшн|Ужасы|Научная фантастика
7442,Ночной полет,Ужасы
11876,Особь 2,Ужасы|Научная фантастика
22393,Гадкий утенок,Ужасы|Триллер
32251,План 9 из открытого космоса,Ужасы|Научная фантастика
31831,Кошмар на улице Вязов 2: Месть Фредди,Ужасы
3746,Кошмар на улице Вязов 3: Воины сна,Ужасы|Триллер
12524,Кошмар на улице Вязов 4: Повелитель сна,Ужасы|Триллер
18278,Кошмар на улице Вязов 5: Дитя сна,Ужасы
17283,Кошмар на улице Вязов 6: Фредди мертв,Ужасы
23922,Пятница 13-е,Ужасы|Мистика|Триллер
35951,Пятница 13-е – Часть 2,Ужасы
36222,Пятница 13-е – Часть 3,Ужасы
17625,Пятница 13-е – Часть 4: Последняя глава,Ужасы
18170,Пятница 13-е – Часть 5: Новое начало,Ужасы
18169,Пятница 13-е – Часть 6: Джейсон жив!,Ужасы
18168,Пятница 13-е – Часть 7: Новая кровь,Ужасы
3671,Пятница 13-е – Часть 8: Джейсон штурмует Манхэттен,Ужасы
8435,Хэллоуин,Ужасы
14527,Хэллоуин 2,Ужасы
24956,Хэллоуин 3: Сезон ведьм,Ужасы
12149,Хэллоуин 4: Возвращение Майкла Майерса,Ужасы
14501,Хэллоуин 5,Ужасы
25121,Школьный бал,Ужасы
4946,Школьный бал 4: Избавь нас от зла,Ужасы
5891,Детские игры,Ужасы|Триллер
1973,Детские игры 2,Ужасы|Триллер
5882,Детские игры 3,Комедия|Ужасы|Триллер
7116,Полтергейст,Ужасы|Триллер
21136,Полтергейст 2: Обратная сторона,Ужасы|Триллер
2430,Полтергейст 3,Ужасы|Триллер
491,Изгоняющий дьявола,Ужасы|Мистика
8816,Изгоняющий дьявола II: Еретик,Ужасы
5888,Изгоняющий дьявола III,Ужасы
7114,Гремлины,Комедия|Ужасы
5633,Гремлины 2: Новенькая партия,Комедия|Ужасы
3564,Непристойное поведение,Ужасы|Триллер
11112,Фокус-покус,Children|Комедия|Фэнтези|Ужасы
9799,Хэллоуин: 20 лет спустя,Ужасы|Триллер
7454,Максимальное ускорение,Ужасы
7447,Нужные вещи,Драма|Ужасы
4082,Куджо,Ужасы|Триллер
7456,Дети кукурузы,Ужасы|Триллер
623365,House (1986),Комедия|Фэнтези|Ужасы
9215,Дом 2: Проклятая обитель,Комедия|Фэнтези|Ужасы
21254,Генри: Портрет серийного убийцы,Криминал|Ужасы|Триллер
8425,Ребенок Розмари,Драма|Ужасы|Триллер
34866,Нападение помидоров-убийц,Комедия|Ужасы
94209,Нацисты-серфингисты должны умереть,Экшн|Комедия|Драма|Ужасы
4554,Блэйд,Экшн|Ужасы|Триллер
20590,Куб,Ужасы|Мистика|Научная фантастика|Триллер
31384,Паразит,Ужасы|Научная фантастика
5872,Городские легенды,Ужасы|Триллер
21706,Они,Ужасы|Научная фантастика|Триллер
8366,Нечто,Экшн|Ужасы|Научная фантастика|Триллер
5871,Невеста Чаки,Комедия|Ужасы|Триллер
5940,Сказки с тёмной стороны,Фэнтези|Ужасы|Триллер
7430,Вампиры,Ужасы|Вестерн
8186,"Я всё еще знаю, что вы сделали прошлым летом",Ужасы|Мистика|Триллер
63873,Годзилла,Драма|Ужасы|Научная фантастика
60752,Годзилла,Экшн|Ужасы|Научная фантастика|Триллер
534,Кинг Конг,Экшн|Adventure|Фэнтези|Ужасы
3485,Жизненная сила,Ужасы|Научная фантастика
2986,Психо,Криминал|Ужасы|Триллер
3547,Факультет,Ужасы|Научная фантастика
333602,In Dreams (1999),Ужасы|Триллер
38014,Мятежник,Ужасы|Научная фантастика
283276,"Gate, The (1987)",Ужасы
19148,Муха,Ужасы|Мистика|Научная фантастика
8877,Муха,Драма|Ужасы|Научная фантастика|Триллер
7428,Муха 2,Ужасы|Научная фантастика
16015,Техасская резня бензопилой,Ужасы
11526,Техасская резня бензопилой 2,Ужасы
22173,Техасская резня бензопилой 4: Новое поколение,Ужасы
25448,Смертельный друг,Ужасы
8434,Подглядывающий,Драма|Ужасы|Триллер
7450,Кладбище домашних животных,Ужасы
13882,Кладбище домашних животных 2,Комедия|Ужасы
7448,Дети кукурузы 2: Последняя жертва,Ужасы
6184,Дети кукурузы 3: Городская жатва,Ужасы
4079,Кристина,Ужасы
4092,Аллигатор,Экшн|Ужасы|Научная фантастика
7440,Кэрри 2: Ярость,Ужасы
8433,Призрак дома на холме,Ужасы|Триллер
23539,Связанные насмерть,Драма|Ужасы|Триллер
113145,Деревня проклятых,Ужасы|Научная фантастика|Триллер
56514,Дети проклятых,Ужасы|Научная фантастика|Триллер
8907,Людоед,Ужасы|Триллер
6191,Рука-убийца,Комедия|Ужасы
17656,Ночь кометы,Комедия|Ужасы|Научная фантастика
34132,Роботы-убийцы,Экшн|Ужасы|Научная фантастика
4484,Мумия,Экшн|Adventure|Комедия|Фэнтези|Ужасы|Триллер
32185,Мумия,Ужасы|Романтика
5745,Мумия,Ужасы
8436,Дракула,Ужасы
8360,Франкенштейн,Драма|Ужасы|Научная фантастика
3144,Франкенштейн встречает Человека-волка,Ужасы
5754,Проклятие Франкенштейна,Ужасы
3151,Человек-волк,Драма|Фэнтези|Ужасы
5646,Вой 2: Стирба – Сука-оборотень,Ужасы
10870,Тарантул,Ужасы|Научная фантастика
8138,Шоу ужасов Рокки Хоррора,Комедия|Ужасы|Мюзикл|Научная фантастика
8369,Нечто,Ужасы|Научная фантастика
6257,Вторжение похитителей тел,Ужасы|Научная фантастика|Триллер
1138780,Болотная тварь,Ужасы|Научная фантастика
7102,Боязнь пауков,Комедия|Ужасы
8134,Ведьма из Блэр: Курсовая с того света,Драма|Ужасы|Триллер
3449,Лэйк Плэсид: Озеро страха,Ужасы|Триллер
7094,Призрак дома на холме,Ужасы|Триллер
9528,Глубокое синее море,Экшн|Ужасы|Научная фантастика|Триллер
15017,Родственник,Ужасы|Научная фантастика
1680,Магазинчик ужасов,Комедия|Ужасы|Мюзикл
4235,Лавка ужасов,Комедия|Ужасы
28202,Смертельные истории,Ужасы
395,Шестое чувство,Драма|Ужасы|Мистика
19142,Колодец и маятник,Ужасы
19134,Маска красной смерти,Ужасы
1823,Кошачий глаз,Ужасы
2303,Омен 2: Дэмиен,Ужасы
22698,Омен III: Последний конфликт,Ужасы|Триллер
14941,Американский оборотень в Париже,Комедия|Ужасы|Романтика|Триллер
91829,Perfect Blue (1997),Анимация|Ужасы|Мистика|Триллер
6181,Жена астронавта,Ужасы|Научная фантастика|Триллер
11016,Отзвуки эха,Ужасы|Мистика|Триллер
12345,Ночь страха,Комедия|Ужасы|Триллер
20239,Ночь страха 2,Ужасы
7433,Адская ночь,Ужасы
1969,Темная половина,Ужасы|Мистика
9916,Обезьяна-убийца,Ужасы|Научная фантастика
95341,Салемские вампиры,Ужасы|Научная фантастика
4697,Психо 2,Ужасы|Мистика|Триллер
9744,Психо 3,Ужасы|Триллер
6506,Летучие мыши,Ужасы|Триллер
15861,Страж,Ужасы|Триллер
35516,Царь зла,Ужасы|Триллер
3546,Дом ночных призраков,Ужасы|Триллер
20816,Невеста реаниматора,Комедия|Ужасы
7458,Калейдоскоп ужасов,Ужасы
7453,Калейдоскоп ужасов 2,Ужасы
55945,Реаниматор,Комедия|Ужасы|Научная фантастика
8855,Смертельная забава,Ужасы
4106,Пираньи,Ужасы|Научная фантастика
8427,Отвращение,Драма|Ужасы
5622,Сонная Лощина,Фэнтези|Ужасы|Мистика|Романтика
6298,Конец света,Экшн|Фэнтези|Ужасы|Мистика|Триллер
6235,Баффи – истребительница вампиров,Экшн|Комедия|Ужасы
2259,Крик 3,Комедия|Ужасы|Мистика|Триллер
28609,Баба Яга,Ужасы
29641,Съеденные заживо,Ужасы
332380,В черной дыре,Ужасы|Научная фантастика|Триллер
106284,Кровавый пир,Ужасы
11637,Девятые врата,Фэнтези|Ужасы|Мистика|Триллер
6784,Готика,Драма|Ужасы
7355,Лестница Иакова,Ужасы|Мистика
1574,Мизери,Драма|Ужасы|Триллер
588,Американский психопат,Криминал|Ужасы|Мистика|Триллер
8432,Что случилось с Бэби Джейн?,Драма|Ужасы|Триллер
9418,Голод,Ужасы
17440,Ворон 3: Спасение,Экшн|Ужасы
21775,Эксперимент «Карнозавр»,Ужасы|Научная фантастика
15274,Эксперимент «Карнозавр 2»,Ужасы|Научная фантастика
37661,Эксперимент «Карнозавр 3»,Ужасы|Научная фантастика
5195,Скрытые,Экшн|Ужасы|Научная фантастика
37235,Преисподняя,Ужасы
226228,Карнавал душ,Ужасы|Триллер
8744,Снежный человек,Ужасы|Научная фантастика
222496,Город живых мертвецов,Ужасы
32972,Куотермасс и колодец,Ужасы|Научная фантастика
17134,Повелитель кукол,Ужасы|Научная фантастика|Триллер
63721,Повелитель кукол 2,Ужасы|Научная фантастика|Триллер
15548,Повелитель кукол 3: Месть Тулона,Ужасы|Научная фантастика|Триллер
33459,Повелитель кукол 4,Ужасы|Научная фантастика|Триллер
9655,Повелитель кукол 5: Последняя глава,Ужасы|Научная фантастика|Триллер
15780,Голова-ластик,Драма|Ужасы
1976,Коматозники,Ужасы|Научная фантастика|Триллер
28635,Атомная школа,Комедия|Ужасы
4258,Токсичный мститель,Комедия|Ужасы
25299,Токсичный мститель 2,Комедия|Ужасы
25298,Токсичный мститель 3: Последнее искушение Токси,Комедия|Ужасы
22137,Ночь кошмаров,Комедия|Ужасы|Научная фантастика|Триллер
7471,Сердце Ангела,Film-Noir|Ужасы|Мистика|Триллер
1826,Порождающая огонь,Ужасы|Триллер
3681,Лунатики,Ужасы
2236,Почти стемнело,Ужасы|Вестерн
2752,Ярость,Ужасы
15156,Видение,Ужасы|Научная фантастика|Триллер
5932,Очень страшное кино,Комедия|Ужасы
879,Что скрывает ложь,Драма|Ужасы|Мистика
5080,Невидимка,Ужасы|Научная фантастика|Триллер
6985,Пляжный психоз,Комедия|Ужасы|Триллер
749640,"Black Sabbath (Tre volti della paura, I) (1963)",Ужасы
165270,"Мозг, который не мог умереть",Ужасы|Научная фантастика
15921,Фантазм 2,Экшн|Фэнтези|Ужасы|Научная фантастика|Триллер
32725,Фантазм 3,Ужасы
33611,Фантазм 4: Забвение,Ужасы
2294,Тыквоголовый,Ужасы
64760,Спящий лагерь,Ужасы
82364,Ильза – волчица СС,Ужасы
17883,Винтовая лестница,Ужасы|Мистика|Триллер
630,Клетка,Драма|Ужасы|Триллер
5005,Городские легенды 2: Последний отрезок,Ужасы
35614,Восставший из ада,Ужасы
35613,Восставший из ада 2,Ужасы
33788,Восставший из ада 3: Ад на Земле,Ужасы
3122,Эбботт и Костелло встречают Франкенштейна,Комедия|Ужасы
63786,Тварь из Чёрной лагуны,Adventure|Ужасы|Научная фантастика
8364,Человек-невидимка,Ужасы|Научная фантастика
61986,Землеройки-убийцы,Ужасы|Научная фантастика
32581,Кровавая вечеринка,Ужасы
34461,Кровавая вечеринка 2,Ужасы
31874,Кровавая вечеринка 3,Ужасы
34594,Резня в женской общаге,Ужасы
21524,Крепкие орешки,Ужасы
15923,Гоблины 2,Комедия|Ужасы
21858,Ведьма из Блэр 2: Книга теней,Криминал|Ужасы|Мистика|Триллер
17176,Дракула 2000,Ужасы
825,Тень вампира,Драма|Ужасы
57179,В объятиях паука,Ужасы|Научная фантастика
2894,Зловещие мертвецы,Фэнтези|Ужасы|Триллер
14905,Челюсти 4: Месть,Ужасы|Триллер
4756,Пропащие ребята,Комедия|Ужасы|Триллер
3683,Взвод чудовищ,Adventure|Комедия|Ужасы
5193,Мой демонический любовник,Комедия|Ужасы
18109,День Святого Валентина,Ужасы|Мистика
686,Ганнибал,Ужасы|Триллер
19125,Ужасный доктор Файбс,Ужасы|Мистика
3596,Охотник на людей,Экшн|Криминал|Драма|Ужасы|Триллер
4673107,Падение дома Ашеров,Ужасы
72556,Фауст,Драма|Фэнтези|Ужасы
8875,Нечто с двумя головами,Комедия|Ужасы|Научная фантастика
22581,Суспирия,Ужасы
7409,Капля,Ужасы|Научная фантастика
9238,Смертельная ярость,Экшн|Комедия|Ужасы|Научная фантастика
7289,Леди в белом,Ужасы|Мистика|Триллер
6160,Логово белого червя,Комедия|Ужасы
17159,Возвращение живых мертвецов,Комедия|Ужасы|Научная фантастика
15943,Змей и радуга,Ужасы
55181,"Тэцуо, железный человек",Экшн|Ужасы|Научная фантастика|Триллер
60832,Исцеление,Криминал|Ужасы|Триллер
89584,Святая кровь,Драма|Ужасы|Мистика|Триллер
258545,Отчим,Ужасы|Триллер
49899,Существо в корзине,Комедия|Ужасы
13990,Воскрешение,Ужасы
494,Другие,Драма|Ужасы|Мистика|Триллер
823,Девятая сессия,Ужасы|Триллер
3849,Призраки Марса,Ужасы|Научная фантастика|Триллер
7316,Джиперс Криперс,Ужасы
5678,Плетеный человек,Драма|Ужасы|Мистика|Триллер
20244,Легенда адского дома,Ужасы|Триллер
15781,Призрак рая,Комедия|Фэнтези|Ужасы|Мюзикл|Триллер
95617,13 призраков,Ужасы
2918,Зловещие мертвецы 2,Криминал|Ужасы|Мистика
198058,Бугимен,Ужасы
279880,Подмена,Ужасы|Мистика|Триллер
23770,Мистер Бонс,Ужасы
677,Из ада,Криминал|Ужасы|Мистика|Триллер
7639,Тринадцать привидений,Ужасы|Триллер
14390,Когда звонит незнакомец,Ужасы|Триллер
662,Хребет дьявола,Драма|Фэнтези|Ужасы|Триллер|War
759,Человек-мотылек,Драма|Фэнтези|Ужасы|Мистика|Триллер
6268,А теперь не смотри,Драма|Ужасы|Триллер
22412,Королева проклятых,Фэнтези|Ужасы
15674,Вендиго,Драма|Ужасы
8236,D: Жажда крови,Анимация|Фэнтези|Ужасы|Научная фантастика
748511,Зомби-мудак,Ужасы
83727,Твари из бездны,Ужасы|Научная фантастика
9220,Адский мотель,Комедия|Ужасы
801,Обитель зла,Экшн|Ужасы|Научная фантастика|Триллер
613,Блэйд 2,Экшн|Ужасы|Триллер
13353,Лесной наблюдатель,Children|Ужасы|Мистика|Триллер
4905,Джейсон Х,Ужасы|Научная фантастика|Триллер
200978,Вторжение гигантских пауков,Ужасы|Научная фантастика
7455,Серебряная пуля,Adventure|Драма|Ужасы|Мистика|Триллер
14490,Хэллоуин: Воскрешение,Ужасы|Триллер
20787,Атака пауков,Экшн|Комедия|Ужасы|Научная фантастика
521,"Носферату, симфония ужаса",Ужасы
832,Знаки,Ужасы|Научная фантастика|Триллер
1777,Рой,Экшн|Ужасы|Научная фантастика
22255,Страх.сом,Криминал|Ужасы|Триллер
25450,Последний дом слева,Криминал|Ужасы|Триллер
18050,Дипломная работа,Драма|Ужасы|Триллер
20325,У холмов есть глаза,Ужасы
54784,"Годзилла, король монстров!",Ужасы|Научная фантастика
5749,Дракула,Ужасы
13148,Глубина,Ужасы
804,Звонок,Ужасы|Мистика|Триллер
231031,Без предупреждения,Ужасы|Научная фантастика
171910,Лики смерти,Documentary|Ужасы
189727,Лики смерти 3,Documentary|Ужасы
2251,Галактика ужаса,Экшн|Ужасы|Мистика|Научная фантастика
20199,История с привидениями,Драма|Ужасы
30929,С Днём рождения меня,Ужасы|Мистика
14592,Сотворивший красоток,Драма|Ужасы|Научная фантастика|Триллер
33714,Мой кровавый Валентин,Драма|Ужасы|Триллер
25527,Рыба-убийца,Ужасы|Научная фантастика
5901,Корабль-призрак,Ужасы
14105,В компании волков,Фэнтези|Ужасы
654,Псы-воины,Экшн|Ужасы
24084,Сканеры,Ужасы|Научная фантастика|Триллер
4583,Они,Ужасы|Триллер
15768,Курочки-байкеры в городе зомби,Комедия|Ужасы
165229,Я плюю на ваши могилы,Ужасы|Триллер
77184,Посетитель Q,Комедия|Драма|Ужасы
51679,Зверь внутри,Ужасы
150422,Атака Крабов-Монстров,Ужасы|Научная фантастика
29836,Чёрное Рождество,Ужасы|Мистика|Триллер
8105,Темнота наступает,Ужасы|Триллер
6473,Свидание с незнакомцем,Ужасы|Триллер
669,Пункт назначения 2,Ужасы|Триллер
416180,Жизнь и приключения робота-подростка,Драма|Ужасы
37691,Дрожь,Ужасы|Мистика|Триллер
463634,Веном,Ужасы|Триллер
12520,Белая собака,Драма|Ужасы|Триллер
11559,Уиллард,Драма|Ужасы|Триллер
8438,Звонок,Ужасы|Мистика|Триллер
6060,Ловец снов,Драма|Ужасы|Научная фантастика|Триллер
6333,Дом 1000 трупов,Ужасы
708,Идентификация,Криминал|Ужасы|Мистика|Триллер
4901,Поворот не туда,Ужасы|Триллер
195870,Безумцы,Экшн|Драма|Ужасы|Научная фантастика|Триллер
577,28 дней спустя,Экшн|Ужасы|Научная фантастика
41957,Ring of Terror (1962),Ужасы
11619,Жилец,Драма|Ужасы|Мистика|Триллер
8005,Фредди против Джейсона,Экшн|Ужасы|Триллер
13614,Музей восковых фигур,Криминал|Ужасы|Мистика|Триллер
2280,Лучший друг человека,Ужасы|Научная фантастика|Триллер
39040,Нападение людей-кукол,Ужасы|Научная фантастика
737699,Tremors (1990),Комедия|Ужасы|Научная фантастика
14529,Дракула,Ужасы|Романтика
7314,Джиперс Криперс 2,Ужасы|Триллер
8027,Лихорадка,Ужасы|Триллер
25514,Дети ночи,Ужасы
9917,День мертвецов,Ужасы|Научная фантастика|Триллер
6045,Однажды укушенный,Комедия|Ужасы
8857,Черви,Ужасы|Романтика
17516,Выводок,Ужасы
8033,Другой мир,Экшн|Фэнтези|Ужасы
2900,Бабба Хо-Теп,Комедия|Ужасы
8853,Видеодром,Фэнтези|Ужасы|Научная фантастика|Триллер
703263,Phenomena (a.k.a. Creepers) (1985),Ужасы|Мистика|Триллер
680,Оборотень,Драма|Ужасы|Триллер
89877,Заражение,Экшн|Ужасы|Научная фантастика
1047,Дом мертвецов,Экшн|Ужасы
8094,Техасская резня бензопилой,Ужасы
5002,Очень страшное кино 3,Комедия|Ужасы
3526,Готика,Ужасы|Триллер
5274,Особняк с привидениями,Children|Комедия|Фэнтези|Ужасы
8347,Глубокой ночью,Ужасы|Мистика
79544,Забавные игры,Драма|Ужасы|Триллер
8418,Кабинет доктора Калигари,Криминал|Фэнтези|Ужасы
6257,Вторжение похитителей тел,Ужасы|Мистика|Научная фантастика|Триллер
604,Королевская битва,Экшн|Драма|Ужасы|Триллер
4206,Иствикские ведьмы,Комедия|Фэнтези|Ужасы|Триллер
31808,Коллекционер,Драма|Ужасы|Триллер
2338,Красные клетки,Ужасы|Мистика|Триллер
8342,Дьяволицы,Ужасы|Мистика|Триллер
6053,Лепрекон,Комедия|Ужасы
8038,Возвращение реаниматора,Ужасы
953,Доктор Джекилл и мистер Хайд,Драма|Ужасы
55149,Ичи-киллер,Экшн|Комедия|Криминал|Драма|Ужасы|Триллер
202859,Замученный,Ужасы|Триллер
41934,Потерянный скелет Кадавры,Комедия|Ужасы|Научная фантастика
8202,Ведьма хип-хопа,Комедия|Ужасы|Триллер
2206,Клуб страха,Комедия|Ужасы
36544,Рассвет мертвецов,Экшн|Драма|Ужасы|Триллер
5052,Хеллбой: Герой из пекла,Экшн|Adventure|Фэнтези|Ужасы
8371,Рассвет мертвецов,Экшн|Драма|Ужасы
53267,Обжоры,Комедия|Ужасы
3568,Другой,Драма|Ужасы|Триллер
3491,Ван Хельсинг,Экшн|Adventure|Фэнтези|Ужасы
6503,Детоксикация,Ужасы|Триллер
1366469,Martin (1977),Драма|Ужасы
25162,Бумажный дом,Фэнтези|Ужасы|Триллер
63539,Кайдан: Повествование о загадочном и ужасном,Ужасы
15535,Воскрешение Каина,Ужасы|Триллер
94588,Особняк «Красная роза»,Ужасы|Мистика|Триллер
19127,Великий инквизитор,Ужасы
65521,Противостояние,Экшн|Комедия|Фэнтези|Ужасы
178552,Люди-кошки,Драма|Ужасы|Романтика|Триллер
56309,Мертвая хватка,Драма|Ужасы
88691,Дрожь земли 2: Повторный удар,Комедия|Ужасы|Научная фантастика
88690,Дрожь земли 3,Комедия|Ужасы|Научная фантастика
107462,Чума зомби,Ужасы
79983,Я гуляла с зомби,Драма|Ужасы
19135,Последний человек на Земле,Драма|Ужасы|Научная фантастика
8721,Франкенштейн должен быть уничтожен,Драма|Ужасы|Научная фантастика
9557,Люди под лестницей,Ужасы|Мистика|Триллер
23074,Ночной народ,Фэнтези|Ужасы
65922,История двух сестёр,Драма|Ужасы|Мистика|Триллер
36003,Извне,Ужасы|Научная фантастика
1239782,Dolls (1987),Ужасы
197152,Ведро крови,Комедия|Ужасы
47238,Тёмные воды,Драма|Ужасы|Мистика|Триллер
601104,Невиданный цветок,Криминал|Ужасы|Триллер
17031,Франкенштейн освобожденный,Драма|Ужасы|Научная фантастика
3092,Неуязвимый человек,Криминал|Ужасы|Научная фантастика
79261,Женщина-оса,Ужасы|Научная фантастика
220350,Нападение гигантских пиявок,Ужасы|Научная фантастика
15323,Изнанка долины кукол,Комедия|Ужасы
9923,Ночь живых мертвецов,Ужасы
8091,Охотники за разумом,Экшн|Криминал|Ужасы|Мистика|Триллер
4297013,Hour of the Wolf (Vargtimmen) (1968),Драма|Ужасы
8431,Портрет Дориана Грея,Драма|Фэнтези|Ужасы
146750,Годзилла против Мехагодзиллы,Экшн|Ужасы|Научная фантастика
8430,Уродцы,Криминал|Драма|Ужасы
38897,Доктор Джекилл и мистер Хайд,Драма|Ужасы
64232,Восставшие из мертвых,Экшн|Комедия|Ужасы|Научная фантастика
5719,Дом ужасов доктора Террора,Ужасы|Научная фантастика
68617,Завещание доктора Мабузе,Криминал|Ужасы|Мистика|Триллер
41949,Чужой против Хищника,Экшн|Ужасы|Научная фантастика|Триллер
11911,Изгоняющий дьявола: Начало,Ужасы|Триллер
40676,Анаконда 2: Охота за проклятой орхидеей,Adventure|Драма|Ужасы|Научная фантастика|Триллер
24186,Обитель зла 2: Апокалипсис,Экшн|Ужасы|Научная фантастика|Триллер
64021,Зомби по имени Шон,Комедия|Ужасы
3875,Смерть среди айсбергов,Экшн|Драма|Ужасы|Триллер
94732,Ад каннибалов 2,Ужасы
11622,Бал вампиров,Комедия|Ужасы
71065,Проклятие,Ужасы|Мистика|Триллер
64187,Пила: Игра на выживание,Ужасы|Мистика|Триллер
76903,Потомство Чаки,Комедия|Ужасы
22022,Блэйд 3: Троица,Экшн|Фэнтези|Ужасы|Триллер
19162,Человек-невидимка возвращается,Ужасы|Научная фантастика
38519,Горбун из Нотр Дама,Драма|Ужасы
13361,"Тише... тише, милая Шарлотта",Ужасы|Триллер
83056,Женщина-демон,Драма|Ужасы|War
8715,Возвращение доктора Файбса,Adventure|Комедия|Ужасы|Романтика
92077,Монахини из Сант-Арканджело,Ужасы|Триллер
329472,Трилогия ужаса,Ужасы|Триллер
34851,Части: Ужас клонов,Ужасы|Научная фантастика
18018,Любовь с первого укуса,Комедия|Ужасы|Романтика
7115,Сумеречная зона,Фэнтези|Ужасы|Научная фантастика|Триллер
34260,"Тихая ночь, смертельная ночь",Ужасы|Триллер
14515,Князь тьмы,Фэнтези|Ужасы|Научная фантастика|Триллер
36996,Китайская история призраков,Экшн|Фэнтези|Ужасы|Романтика
33468,Клоуны-убийцы из космоса,Комедия|Ужасы|Научная фантастика
94983,Оно,Драма|Фэнтези|Ужасы|Мистика|Триллер
53959,Порожденный,Драма|Ужасы
153012,Противостояние,Adventure|Драма|Фэнтези|Ужасы|Научная фантастика
80266,Человек тьмы II: Возвращение Дюрана,Экшн|Криминал|Ужасы
81358,Лангольеры,Драма|Фэнтези|Ужасы|Мистика|Научная фантастика|Триллер
23696,Беовульф,Экшн|Ужасы|Научная фантастика
77154,От заката до рассвета 2: Кровавые деньги из Техаса,Комедия|Криминал|Ужасы
84469,Кэндимэн 3: День мертвых,Ужасы
41833,Кинопроба,Драма|Ужасы|Мистика|Романтика|Триллер
3656,Тьма,Ужасы|Мистика
47245,Кровь: Последний вампир,Экшн|Анимация|Ужасы
80763,Американский психопат 2: Стопроцентная американка,Комедия|Криминал|Ужасы|Мистика|Триллер
8121,Куб 2: Гиперкуб,Ужасы|Мистика|Научная фантастика
77800,Пульс,Ужасы|Мистика|Триллер
104938,В погоне за счастьем,Комедия|Ужасы|Мюзикл
5173,Тупик,Комедия|Ужасы|Мистика|Триллер
106155,Иисус Христос — охотник на вампиров,Экшн|Комедия|Ужасы|Мюзикл
63759,Клуб самоубийц,Ужасы|Мистика|Триллер
79557,Проклятие,Ужасы
88692,Дрожь земли 4: Легенда начинается,Экшн|Комедия|Ужасы|Научная фантастика|Триллер|Вестерн
61257,Сестра оборотня,Ужасы|Триллер
178565,Участь Салема,Драма|Ужасы|Мистика|Триллер
57252,Проклятие,Ужасы
50622,Рождение оборотня,Фэнтези|Ужасы
391472,Последний пропущенный звонок,Ужасы|Мистика
64182,Звездный десант 2: Герой федерации,Экшн|Ужасы|Научная фантастика|War
61305,Звонок 2,Драма|Ужасы|Мистика|Триллер
64575,Театр ужасов якудза: Годзу,Комедия|Криминал|Драма|Ужасы|Мистика
61342,Белый шум,Драма|Ужасы|Мистика|Научная фантастика|Триллер
47346,Один в темноте,Экшн|Ужасы|Научная фантастика|Триллер
77142,Игра в прятки,Ужасы|Мистика|Триллер
18979,Бугимен,Драма|Ужасы|Мистика|Триллер
3793,Константин: Повелитель тьмы,Экшн|Фэнтези|Ужасы|Триллер
79850,Ночной дозор,Экшн|Фэнтези|Ужасы|Мистика|Научная фантастика|Триллер
15278,Хихикающий доктор,Комедия|Ужасы
4611,Оборотни,Ужасы|Триллер
95116,Кот и канарейка,Ужасы|Мистика
61428,Куб Зеро,Ужасы|Мистика|Научная фантастика|Триллер
77237,Звонок 0: Рождение,Драма|Ужасы|Триллер
229298,Кэрри,Драма|Ужасы|Триллер
63732,Ужас Амитивилля,Ужасы|Триллер
64212,Дом восковых фигур,Ужасы|Триллер
229591,D: Охотник на вампиров,Анимация|Фэнтези|Ужасы
102312,Изгоняющий дьявола: Приквел,Ужасы|Триллер
34465,Кровавая жатва,Ужасы|Триллер
81601,Земля мертвых,Экшн|Ужасы|Триллер
81770,Три... экстрима,Ужасы
71076,Темная вода,Драма|Ужасы|Триллер
8841,Железо,Экшн|Ужасы|Научная фантастика
77137,Изгнанные дьяволом,Экшн|Криминал|Ужасы
77673,Ключ от всех дверей,Драма|Ужасы|Мистика|Триллер
81557,Ночной рейс,Ужасы|Триллер
13469,Братья Гримм,Комедия|Фэнтези|Ужасы|Триллер
81085,Пещера,Экшн|Adventure|Ужасы|Мистика|Научная фантастика|Триллер
1380230,"Девочка, которая кричала: «Волки!»",Драма|Ужасы|Мистика|Триллер
84140,Doom,Экшн|Ужасы|Научная фантастика
197282,Франкенштейн 90,Комедия|Ужасы|Романтика
84967,Шесть демонов Эмили Роуз,Криминал|Драма|Ужасы|Триллер
16939,Дух мщения,Экшн|Ужасы|Научная фантастика|Триллер
84991,Туман,Экшн|Ужасы|Мистика|Триллер
86206,Пила 2,Ужасы|Триллер
156714,Большая война призраков,Adventure|Комедия|Фэнтези|Ужасы
9804,Ночь кролика,Ужасы|Научная фантастика|Триллер
51326,Крип,Ужасы|Триллер
88746,Волчья яма,Криминал|Ужасы|Триллер
103412,Спуск,Adventure|Драма|Ужасы|Триллер
4397580,Чёрная птица,Криминал|Ужасы|Мистика|Триллер
21099,Дантист,Ужасы|Триллер
102343,Хостел,Ужасы
77441,Другой мир 2: Эволюция,Экшн|Фэнтези|Ужасы
254774,Хелтер Скелтер,Экшн|Криминал|Драма|Ужасы
89674,Пункт назначения 3,Ужасы|Мистика|Триллер
106229,Когда звонит незнакомец,Ужасы|Триллер
103392,Пульс,Экшн|Драма|Фэнтези|Ужасы|Мистика|Научная фантастика|Триллер
6697,Лепрекон 2: Одна свадьба и много похорон,Комедия|Фэнтези|Ужасы
80270,Лепрекон 3: Приключения в Лас-Вегасе,Комедия|Фэнтези|Ужасы
94901,Лепрекон 4: В космосе,Комедия|Фэнтези|Ужасы|Научная фантастика
160931,У холмов есть глаза,Драма|Ужасы|Триллер
102295,Остаться в живых,Ужасы|Научная фантастика|Триллер
48700,Мертвецы ненавидят живых,Комедия|Ужасы
172496,Пришельцы-завоеватели,Комедия|Ужасы|Научная фантастика
86895,Слизняк,Комедия|Ужасы|Научная фантастика
32655,Очень страшное кино 4,Комедия|Ужасы
78871,Сайлент Хилл,Фэнтези|Ужасы|Триллер
87816,Призрак Красной реки,Драма|Ужасы|Мистика|Триллер
103787,Омен,Ужасы|Триллер
94654,Змеиный полет,Экшн|Комедия|Ужасы|Триллер
102148,Плетеный человек,Ужасы|Мистика|Триллер
106279,Корпоративка,Комедия|Ужасы|Триллер
161007,Сделка с дьяволом,Экшн|Ужасы|Триллер
195005,Последнее прибежище,Ужасы
81697,Техасская резня бензопилой: Начало,Ужасы|Триллер
85553,Пир,Экшн|Комедия|Ужасы|Триллер
184417,Пила 3,Криминал|Ужасы|Триллер
189713,Чёрное Рождество,Экшн|Ужасы|Триллер
252032,Первобытное зло,Ужасы|Триллер
106228,Попутчик,Экшн|Ужасы|Триллер
179299,Мертвечина,Ужасы
195623,Кровь и шоколад,Драма|Фэнтези|Ужасы|Романтика
88149,Посланники,Драма|Ужасы|Триллер
50948,Ганнибал: Восхождение,Драма|Ужасы|Триллер
5119,2001 маньяк,Комедия|Ужасы
180613,Дилер 3,Экшн|Комедия|Драма|Ужасы|Триллер
182442,Заброшенный дом,Ужасы|Мистика|Триллер
250278,Вторжение динозавра,Комедия|Драма|Ужасы|Научная фантастика|Триллер
143139,Мертвая тишина,Ужасы|Мистика|Триллер
257413,У холмов есть глаза 2,Ужасы|Триллер
273064,Доказательство смерти,Экшн|Криминал|Ужасы|Научная фантастика|Триллер
102229,Жатва,Ужасы|Триллер
103788,Вакансия на жертву,Ужасы|Триллер
2917,Маньяк-полицейский,Экшн|Криминал|Ужасы|Триллер
1337162,Day Watch (Dnevnoy dozor) (2006),Экшн|Фэнтези|Ужасы|Триллер
197615,28 недель спустя,Ужасы|Научная фантастика|Триллер
796983,Bug (2007),Драма|Ужасы|Триллер
104986,Свора,Ужасы|Триллер
208899,Они,Ужасы
232011,Хостел 2,Криминал|Ужасы|Триллер
327246,Легенда Сонной Лощины,Комедия|Фэнтези|Ужасы
106216,Зомби по имени Фидо,Комедия|Ужасы|Триллер
273064,Доказательство смерти,Экшн|Adventure|Криминал|Ужасы|Триллер
195563,1408,Драма|Ужасы|Триллер
161094,Вторжение,Экшн|Драма|Ужасы|Научная фантастика|Триллер
61259,Хэллоуин 2007,Ужасы
88212,Под маской: Восхождение Лесли Вернона,Комедия|Ужасы|Триллер
273063,Планета страха,Экшн|Ужасы|Научная фантастика
88172,Обитель зла 3,Экшн|Ужасы|Научная фантастика|Триллер
77658,30 дней ночи,Ужасы|Триллер
105871,Последняя зима,Ужасы
257910,Паршивая овца,Комедия|Ужасы
271728,Пила 4,Криминал|Ужасы|Триллер
273302,Мгла,Ужасы|Научная фантастика
195524,Я – легенда,Экшн|Ужасы|Научная фантастика|Триллер|IMAX
258708,Поворот не туда 2: Тупик,Экшн|Ужасы|Триллер
119975,Приют,Драма|Ужасы|Мистика|Триллер
257863,Смерть Яна,Ужасы|Триллер
81845,"Суини Тодд, демон-парикмахер с Флит-стрит",Драма|Ужасы|Мюзикл|Триллер
251878,Чужие против Хищника: Реквием,Экшн|Ужасы|Научная фантастика
325598,Репортаж,Драма|Ужасы|Триллер
81773,Топор,Комедия|Ужасы
321394,Кошачий суп,Adventure|Анимация|Драма|Ужасы
254465,Сигнал,Ужасы|Научная фантастика|Триллер
256315,Зубы,Комедия|Ужасы
260981,Дневники мертвецов,Ужасы|Научная фантастика
262076,Месть нерожденному,Ужасы|Триллер
280177,Руины,Ужасы|Триллер
278187,Адский бункер,Экшн|Ужасы
305069,Тебе не страшно?,Ужасы
279708,Выпускной,Ужасы|Мистика|Триллер
259544,Девушка по соседству,Криминал|Драма|Ужасы|Триллер
402960,"Быстрее, сильнее, мощнее",Ужасы|Триллер
251434,Все  парни любят Мэнди Лейн,Ужасы|Мистика|Триллер
281752,Экс-ударник,Комедия|Криминал|Драма|Ужасы
262589,Засада,Ужасы|Триллер
4438649,Spiral (2007),Драма|Ужасы|Триллер
257899,Странный цирк,Ужасы|Мистика|Триллер
309376,Стриптиз от зомби,Комедия|Ужасы
261106,Война,Экшн|Adventure|Ужасы|Научная фантастика|Триллер
398839,Девочка-пулемет,Экшн|Комедия|Фэнтези|Ужасы|Триллер
246269,Грибы,Ужасы|Триллер
432457,Pathology (2008),Криминал|Ужасы|Триллер
258775,Полуночный экспресс,Ужасы|Мистика|Триллер
4414040,Впусти меня,Драма|Фэнтези|Ужасы|Романтика
263447,Зеркала,Ужасы|Мистика|Триллер
121714,Пришельцы,Ужасы|Научная фантастика|Триллер
465933,Мёртвая ярость,Экшн|Анимация|Комедия|Ужасы
273553,Один в темноте 2,Экшн|Ужасы
400094,Пила 5,Криминал|Ужасы|Триллер
392405,Заноза,Экшн|Ужасы|Триллер
428885,Детишки,Ужасы
409071,Мой кровавый Валентин 3D,Ужасы|Триллер
258772,Другой мир: Восстание ликанов,Экшн|Фэнтези|Ужасы|Триллер
279129,Незваные,Драма|Ужасы|Мистика|Триллер
373158,Райское озеро,Ужасы|Триллер
266142,Граница,Драма|Ужасы|Триллер
221704,Меня зовут Брюс,Комедия|Ужасы
251790,Пятница 13-е,Ужасы
290831,Рождественский коттедж,Комедия|Криминал|Ужасы|Триллер
311618,Адская вечеринка,Adventure|Комедия|Ужасы
263984,Призраки в Коннектикуте,Ужасы|Триллер
405514,Затащи меня в Ад,Комедия|Ужасы
364107,Суинни Тодд,Криминал|Драма|Ужасы|Триллер
82332,Мальчики едят девочек,Комедия|Ужасы
756410,Операция «Мертвый снег» 2,Экшн|Adventure|Комедия|Ужасы
179241,Квартал ужаса Снуп Догга,Комедия|Драма|Ужасы
428680,Хранители: История черной шхуны,Экшн|Adventure|Анимация|Ужасы
400615,Дитя тьмы,Драма|Ужасы|Мистика|Триллер
317985,Коллекционер,Криминал|Ужасы|Триллер
281409,Идеальный побег,Ужасы|Триллер
8424,Тролль 2,Фэнтези|Ужасы
429039,Хэллоуин 2,Ужасы|Триллер
422882,Пандорум,Ужасы|Научная фантастика|Триллер
404510,Тело Дженнифер,Комедия|Ужасы|Научная фантастика|Триллер
405753,Пункт назначения 4,Ужасы|Триллер
264350,Жажда,Драма|Ужасы
178834,Кровавый ручей,Ужасы
404366,Паранормальное явление,Ужасы|Триллер
254764,Призрачный мир Эль Супербисто,Экшн|Анимация|Комедия|Ужасы|Триллер
261191,Кошелек или жизнь,Комедия|Ужасы|Триллер
427122,Добро пожаловать в Zомбилэнд,Экшн|Комедия|Ужасы
271846,Продавец мертвых,Комедия|Ужасы
414547,Пила 6,Криминал|Ужасы|Мистика|Триллер
102393,История одного вампира,Экшн|Adventure|Комедия|Фэнтези|Ужасы|Триллер
420224,Сумерки. Сага. Новолуние,Драма|Фэнтези|Ужасы|Романтика|Триллер
51319,Милые кости,Криминал|Драма|Фэнтези|Ужасы|Триллер
34252,Студентки в кегельбане беса,Комедия|Ужасы
412310,Понтипул,Ужасы|Триллер
195718,Воины света,Экшн|Драма|Ужасы|Триллер
261013,Последний вампир,Экшн|Ужасы|Триллер
426002,Легион,Экшн|Фэнтези|Ужасы|Триллер
413485,Стан Хельсинг,Комедия|Ужасы
316233,Город чудищ,Анимация|Фэнтези|Ужасы|Научная фантастика
406403,Треугольник,Драма|Ужасы|Мистика|Триллер
460510,Мужчины моей семьи,Ужасы|Триллер
273293,Человек-волк,Ужасы|Триллер
195870,Безумцы,Экшн|Драма|Ужасы|Научная фантастика|Триллер
417895,Репортаж из преисподней,Ужасы|Триллер
415663,Дориан Грей,Драма|Ужасы|Научная фантастика
145242,Закопанные,Ужасы|Триллер|Вестерн
432713,Замёрзшие,Драма|Ужасы|Триллер
461536,Case 39 (2009),Ужасы|Триллер
471410,Человеческая многоножка,Ужасы
409179,Кошмар на улице Вязов,Фэнтези|Ужасы|Триллер
397244,Химера,Ужасы|Научная фантастика|Триллер
65859,Лающие собаки никогда не кусают,Комедия|Ужасы
424692,Сербский фильм,Ужасы|Триллер
412290,Бессердечный,Фэнтези|Ужасы|Мистика|Триллер
171728,Пираньи 3D,Экшн|Ужасы|Триллер
432711,Последнее изгнание дьявола,Ужасы|Триллер
450,Дикая банда,Экшн|Ужасы|Триллер
409208,Обитель зла 4: Жизнь после смерти 3D,Экшн|Ужасы|Научная фантастика|Триллер|IMAX
427795,Впусти меня. Сага,Драма|Ужасы|Мистика
497027,Я видел дьявола,Ужасы|Мистика|Триллер
504488,Шина,Экшн|Adventure|Комедия|Криминал|Драма|Film-Noir|Ужасы|Мистика|Триллер|Вестерн
481706,Паранормальное явление 2,Ужасы|IMAX
470156,Пила 3D,Ужасы|Мистика|Триллер
429804,Любимые,Ужасы
425634,Топор 2,Комедия|Ужасы|Триллер
485261,Убойные каникулы,Комедия|Ужасы
481508,Горечь,Драма|Ужасы
417892,Я плюю на ваши могилы,Криминал|Ужасы|Триллер
78792,Дух мертвеца,Ужасы|Научная фантастика
497657,Признания,Драма|Ужасы
470179,Красная Шапочка,Фэнтези|Ужасы|Мистика|Триллер
569576,Охотники на троллей,Фэнтези|Ужасы
495892,Астрал,Фэнтези|Ужасы|Триллер
298982,Детская комната,Ужасы|Триллер
33819,Даффи Дак: Охотники за чудовищами,Анимация|Children|Комедия|Ужасы
420072,Крик 4,Комедия|Ужасы|Мистика|Триллер
258759,Пастырь,Экшн|Ужасы|Научная фантастика|Триллер
565813,Женщина,Ужасы
506349,Пункт назначения 5,Ужасы|Триллер|IMAX
432417,Не бойся темноты,Ужасы|Триллер
467118,Ночь страха,Комедия|Ужасы
490121,Земля вампиров,Ужасы
395132,Замурованные в стене,Ужасы|Триллер
262731,Красный штат,Экшн|Криминал|Ужасы|Триллер
518047,Челюсти 3D,Ужасы|Триллер
575509,Список смертников,Ужасы|Мистика|Триллер
477366,Блинки,Ужасы|Научная фантастика
399977,Нечто,Ужасы|Мистика|Научная фантастика|Триллер
573239,Паранормальное явление 3,Ужасы
394371,Фантом,Экшн|Ужасы|Научная фантастика|Триллер
435378,Мертвеход,Комедия|Ужасы
472368,Другой мир: Пробуждение,Экшн|Фэнтези|Ужасы|IMAX
571324,Аполлон 18,Ужасы|Научная фантастика|Триллер
502111,Тайны старого отеля,Ужасы|Триллер
831899,Встреча у могилы,Ужасы
498707,Женщина в черном,Драма|Ужасы|Триллер
1070744,"Atomic Brain, The (1963)",Ужасы|Научная фантастика
565395,Гибель титанов,Экшн|Adventure|Ужасы
560595,Отсутствие,Ужасы
714009,"Cabin in the Woods, The (2012)",Комедия|Ужасы|Научная фантастика|Триллер
395060,Мрачные тени,Комедия|Ужасы|IMAX
467099,Прометей,Экшн|Ужасы|Научная фантастика|IMAX
667327,Пакт,Ужасы|Мистика|Триллер
502302,Президент Линкольн: Охотник на вампиров,Экшн|Фэнтези|Ужасы|Триллер
392261,Лагерный дух,Ужасы
397602,Анаконда 3: Цена эксперимента,Экшн|Ужасы|Научная фантастика|Триллер
930487,Piranha 3DD (a.k.a. Piranha DD) (2012),Комедия|Ужасы
581493,Обитель зла: Возмездие,Экшн|Ужасы|Научная фантастика|IMAX
647201,З/Л/О,Ужасы|Триллер
496826,Дом в конце улицы,Ужасы|Триллер
408395,Франкенвини,Анимация|Комедия|Ужасы|IMAX
590022,Синистер,Ужасы|Триллер
518229,Репортаж со свадьбы,Ужасы|Триллер
651858,Паранормальное явление 4,Ужасы|IMAX
276584,Сайлент Хилл 2,Ужасы|Мистика|Триллер
565879,Залив,Ужасы|Научная фантастика|Триллер
707692,Vamps (2012),Комедия|Ужасы|Романтика
497077,Тепло наших тел,Комедия|Ужасы|Романтика
90464,Я купил мотоцикл-вампир,Комедия|Ужасы
21772,Мороженщик,Комедия|Ужасы
3565,Сказки у костра,Ужасы
575300,В финале Джон умрёт,Комедия|Фэнтези|Ужасы
493202,Техасская резня бензопилой 3D,Ужасы|Мистика|Триллер
710024,Гензель и Гретель,Экшн|Фэнтези|Ужасы|IMAX
219472,Страх,Драма|Ужасы
636431,Азбука смерти,Ужасы
680185,Мрачные небеса,Ужасы|Научная фантастика|Триллер
2913,Маньяк-полицейский 2,Экшн|Ужасы|Триллер
9058,Приключения Икабода и мистера Тоада,Анимация|Комедия|Ужасы|Мюзикл
428707,Зловещие мертвецы: Черная книга,Ужасы
129627,Монстр Ёнгари,Children|Ужасы|Научная фантастика
597518,Ломка,Ужасы|Триллер
724454,Grabbers (2012),Комедия|Ужасы|Научная фантастика
568640,Повелители Салема,Ужасы|Триллер
1311387,Inhuman Resources (Redd Inc.) (2012),Ужасы|Триллер
661022,Судная ночь,Криминал|Ужасы|Триллер
647451,Маньяк,Ужасы|Триллер
261636,Война миров Z,Экшн|Драма|Ужасы|IMAX
712576,З/Л/О 2,Ужасы|Триллер
468994,Заклятие,Ужасы|Триллер
584175,Тебе конец!,Ужасы|Триллер
666804,Астрал: Глава 2,Ужасы|Триллер
692952,Майло,Комедия|Ужасы
4986805,Carrie (2013),Драма|Ужасы
684680,Побег из завтра,Драма|Фэнтези|Ужасы
1252449,Смотрительница Сунохары,Криминал|Драма|Ужасы
676823,Лимб,Ужасы|Мистика|Триллер
565819,Выживут только любовники,Драма|Ужасы|Романтика
673323,"Мы такие, какие есть",Драма|Ужасы|Мистика|Триллер
467241,Побудь в моей шкуре,Ужасы|Научная фантастика|Триллер
624156,13 грехов,Ужасы|Триллер
680499,Окулус,Ужасы
692320,Топор 3,Комедия|Ужасы
756189,Дом с паранормальными явлениями 2,Комедия|Ужасы
675877,Пораженный,Ужасы|Научная фантастика|Триллер
746200,Бобры-зомби,Экшн|Комедия|Ужасы
675216,Бабадук,Драма|Ужасы|Триллер
707483,Избави нас от лукавого,Криминал|Ужасы|Триллер
770805,Судная ночь 2,Экшн|Ужасы|Триллер
725033,Если твоя девушка – зомби,Комедия|Ужасы|Романтика
824963,Привязанные к дому,Комедия|Ужасы|Триллер
648731,"Столетний старик, который вылез в окно и исчез",Ужасы|Триллер
706421,Таинство,Ужасы|Триллер
762501,Париж: Город мёртвых,Ужасы|Триллер
548706,Honeymoon (2014),Ужасы
786018,Бивень,Комедия|Драма|Ужасы
964040,Horns (2014),Ужасы|Мистика
808062,Проклятие Аннабель,Ужасы
51294,13-е отделение,Экшн|Анимация|Комедия|Ужасы
818981,Реальные упыри,Комедия|Ужасы
756410,Операция «Мертвый снег» 2,Экшн|Комедия|Ужасы
422409,Мёртвоголовые,Adventure|Комедия|Ужасы
589545,Охотники на демонов,Комедия|Ужасы|Триллер
696145,Девушка возвращается одна ночью домой,Ужасы|Романтика|Триллер
402510,Собака Баскервилей,Криминал|Драма|Ужасы|Мистика
804697,Оно приходит за тобой,Ужасы
734145,"Город, который боялся заката",Ужасы|Триллер
321565,Полуночное кино,Комедия|Ужасы|Мистика|Триллер
140978,Смертоносные пчелы,Ужасы|Мистика|Триллер
798277,Астрал 3,Фэнтези|Ужасы|Триллер
83527,Чудовище пещерной горы,Ужасы|Научная фантастика|Вестерн
722189,Полынь: Дорога мёртвых,Экшн|Ужасы|Научная фантастика
721153,Багровый пик,Ужасы
726385,Джулия,Ужасы|Триллер
882291,Докопаться до сути,Драма|Фэнтези|Ужасы|Мистика|Триллер
876838,Clown (2014),Драма|Ужасы
652700,Последние девушки,Комедия|Ужасы
822545,Небольшой лес: Зима и весна,Ужасы|Романтика|Научная фантастика
883999,Buzzard (2015),Комедия|Драма|Ужасы
841613,"Человек, который познал бесконечность",Ужасы|Научная фантастика|Триллер
821009,План Мэгги,Драма|Ужасы|Триллер
683204,Зеленый ад,Ужасы|Триллер
843104,Крампус,Комедия|Фэнтези|Ужасы
841401,Акулий торнадо 3,Ужасы|Научная фантастика
710372,Ублюдок,Ужасы|Триллер
409538,Глаз 3: Бесконечность,Ужасы
261244,Морг,Ужасы
656884,Sorrow (2015),Криминал|Драма|Ужасы
698193,Виселица,Ужасы|Триллер
736205,Черная месса,Комедия|Ужасы|Триллер
273017,Наращивание волос,Ужасы
784335,"Спокойной ночи, мамочка",Драма|Фэнтези|Ужасы|Триллер
25734,Фраккия против Дракулы,Комедия|Ужасы
745277,Слендер,Ужасы
34249,Голливудские шлюхи с бензопилами,Комедия|Ужасы
888304,Подарок,Драма|Ужасы
506066,Последний охотник на ведьм,Ужасы
838043,Визит,Комедия|Ужасы
100261,Пиноккио 964,Ужасы|Научная фантастика
596985,Виктор Франкенштейн,Драма|Ужасы|Научная фантастика
568789,Скауты против зомби,Экшн|Комедия|Ужасы
857131,Смертельный оргазм,Комедия|Ужасы
714788,Кутис,Комедия|Ужасы
822037,Кровососущие подонки,Комедия|Ужасы
893793,"Тук-тук, это Тиг Нотаро",Криминал|Ужасы|Триллер
400900,Игры обреченных,Комедия|Ужасы
4294594,Cigarette Burns (2005),Ужасы|Триллер
932671,The Editor (2015),Комедия|Ужасы|Мистика
770917,Последняя смена,Ужасы
547248,Гризли,Экшн|Ужасы|Триллер
224941,Даль небесная,Экшн|Ужасы|Триллер
463237,Ужастики,Adventure|Комедия|Ужасы
588745,Хватай и беги,Комедия|Ужасы|Научная фантастика
715046,Костяной томагавк,Ужасы|Вестерн
822248,Необычные сказки,Анимация|Ужасы|Мистика
251613,Пила,Криминал|Ужасы
723377,Синий экзорцист. Фильм,Анимация|Фэнтези|Ужасы|Мистика
327402,Пес дьявола: Гончая ада,Ужасы
710513,Он никогда не умирал,Комедия|Драма|Ужасы
809130,Паразит: Часть 1,Ужасы|Научная фантастика
809129,Паразит: Часть 2,Ужасы|Научная фантастика
801875,Дровосек,Комедия|Ужасы
491816,Гордость и предубеждение и зомби,Комедия|Ужасы|Романтика|Триллер
929056,Дары смерти,Ужасы
596985,Виктор Франкенштейн,Ужасы|Триллер
63399,Рептиликус,Ужасы|Научная фантастика
957791,Michael Jackson's Thriller (1983),Ужасы
998880,Southbound (2016),Ужасы
623721,Неоновый демон,Драма|Ужасы|Мистика
738285,Команда уничтожить,Экшн|Ужасы|Научная фантастика
1129730,Neo Tokyo (1987),Adventure|Анимация|Фэнтези|Ужасы|Научная фантастика
57167,Смерть улыбается убийце,Ужасы
780392,Заклятие 2,Ужасы
425673,Охотники за привидениями,Экшн|Комедия|Ужасы|Научная фантастика
843907,Судная ночь 3,Экшн|Ужасы|Научная фантастика
919515,И гаснет свет...,Ужасы
921943,Сатанинский,Ужасы
1281973,Hellevator (2004),Ужасы|Научная фантастика
839479,Все могут танцевать 2,Драма|Ужасы|Триллер
925763,Акулий торнадо 4: Пробуждение,Экшн|Adventure|Ужасы|Научная фантастика
922302,Ведьма из Блэр: Новая глава,Ужасы|Триллер
841143,31: Праздник смерти,Ужасы
902223,Новая эра Z,Драма|Ужасы|Научная фантастика|Триллер
463048,Шоу ужасов Рокки Хоррора,Комедия|Ужасы|Научная фантастика|Триллер
930534,Сплит,Драма|Ужасы|Триллер
840824,Другой мир: Войны крови,Экшн|Ужасы
80474,Микроволновая резня,Ужасы
944708,Прочь,Ужасы
916824,Пустота,Ужасы
695548,Чужой: Завет,Экшн|Ужасы|Научная фантастика|Триллер
153021,Особь 3,Экшн|Ужасы|Научная фантастика
677638,Мумия,Экшн|Adventure|Фэнтези|Ужасы|Триллер
998552,Оно приходит ночью,Ужасы|Мистика|Триллер
893108,Грейсфилд,Экшн|Ужасы|Научная фантастика
655800,Чёрное зеркало,Драма|Ужасы|Мистика|Научная фантастика|Триллер
873962,Unedited Footage of a Bear (2014),Ужасы|Триллер
641780,Тёмная башня,Фэнтези|Ужасы|Научная фантастика|Вестерн
947898,Проклятие Аннабель: Зарождение зла,Ужасы
453397,Оно,Ужасы
463596,Тетрадь смерти,Ужасы|Триллер
124633,Темрок,Комедия|Ужасы
938643,мама!,Драма|Ужасы|Мистика|Триллер
863271,Над глубиной: Хроника выживания,Драма|Ужасы|Триллер
972464,Эксперимент «Офис» 2,Экшн|Ужасы
839520,Ублюдок 2,Комедия|Ужасы
94997,Сияние,Драма|Ужасы|Триллер
982198,Астрал 4: Последний ключ,Ужасы|Мистика|Триллер
737859,Ночные игры,Экшн|Комедия|Криминал|Ужасы
722816,Парадокс Кловерфилда,Ужасы|Мистика|Научная фантастика|Триллер
1044906,Тихое место,Драма|Ужасы|Триллер
